-- INSERCIONES

-- ROLES
INSERT INTO ROLES(NOMBRE) VALUES('Administrador');
INSERT INTO ROLES(NOMBRE) VALUES('Cliente');

-- PAIS
INSERT INTO PAIS(ISO, PAIS) VALUES('AF', 'Afganistán');
INSERT INTO PAIS(ISO, PAIS) VALUES('AX', 'Islas Gland');
INSERT INTO PAIS(ISO, PAIS) VALUES('AL', 'Albania');
INSERT INTO PAIS(ISO, PAIS) VALUES('DE', 'Alemania');
INSERT INTO PAIS(ISO, PAIS) VALUES('AD', 'Andorra');
INSERT INTO PAIS(ISO, PAIS) VALUES('AO', 'Angola');
INSERT INTO PAIS(ISO, PAIS) VALUES('AI', 'Anguilla');
INSERT INTO PAIS(ISO, PAIS) VALUES('AQ', 'Antártida');
INSERT INTO PAIS(ISO, PAIS) VALUES('AG', 'Antigua y Barbuda');
INSERT INTO PAIS(ISO, PAIS) VALUES('AN', 'Antillas Holandesas');
INSERT INTO PAIS(ISO, PAIS) VALUES('SA', 'Arabia Saudí');
INSERT INTO PAIS(ISO, PAIS) VALUES('DZ', 'Argelia');
INSERT INTO PAIS(ISO, PAIS) VALUES('AR', 'Argentina');
INSERT INTO PAIS(ISO, PAIS) VALUES('AM', 'Armenia');
INSERT INTO PAIS(ISO, PAIS) VALUES('AW', 'Aruba');
INSERT INTO PAIS(ISO, PAIS) VALUES('AU', 'Australia');
INSERT INTO PAIS(ISO, PAIS) VALUES('AT', 'Austria');
INSERT INTO PAIS(ISO, PAIS) VALUES('AZ', 'Azerbaiyán');
INSERT INTO PAIS(ISO, PAIS) VALUES('BS', 'Bahamas');
INSERT INTO PAIS(ISO, PAIS) VALUES('BH', 'Bahréin');
INSERT INTO PAIS(ISO, PAIS) VALUES('BD', 'Bangladesh');
INSERT INTO PAIS(ISO, PAIS) VALUES('BB', 'Barbados');
INSERT INTO PAIS(ISO, PAIS) VALUES('BY', 'Bielorrusia');
INSERT INTO PAIS(ISO, PAIS) VALUES('BE', 'Bélgica');
INSERT INTO PAIS(ISO, PAIS) VALUES('BZ', 'Belice');
INSERT INTO PAIS(ISO, PAIS) VALUES('BJ', 'Benin');
INSERT INTO PAIS(ISO, PAIS) VALUES('BM', 'Bermudas');
INSERT INTO PAIS(ISO, PAIS) VALUES('BT', 'Bhután');
INSERT INTO PAIS(ISO, PAIS) VALUES('BO', 'Bolivia');
INSERT INTO PAIS(ISO, PAIS) VALUES('BA', 'Bosnia y Herzegovina');
INSERT INTO PAIS(ISO, PAIS) VALUES('BW', 'Botsuana');
INSERT INTO PAIS(ISO, PAIS) VALUES('BV', 'Isla Bouvet');
INSERT INTO PAIS(ISO, PAIS) VALUES('BR', 'Brasil');
INSERT INTO PAIS(ISO, PAIS) VALUES('BN', 'Brunéi');
INSERT INTO PAIS(ISO, PAIS) VALUES('BG', 'Bulgaria');
INSERT INTO PAIS(ISO, PAIS) VALUES('BF', 'Burkina Faso');
INSERT INTO PAIS(ISO, PAIS) VALUES('BI', 'Burundi');
INSERT INTO PAIS(ISO, PAIS) VALUES('CV', 'Cabo Verde');
INSERT INTO PAIS(ISO, PAIS) VALUES('KY', 'Islas Caimán');
INSERT INTO PAIS(ISO, PAIS) VALUES('KH', 'Camboya');
INSERT INTO PAIS(ISO, PAIS) VALUES('CM', 'Camerún');
INSERT INTO PAIS(ISO, PAIS) VALUES('CA', 'Canadá');
INSERT INTO PAIS(ISO, PAIS) VALUES('CF', 'República Centroafricana');
INSERT INTO PAIS(ISO, PAIS) VALUES('TD', 'Chad');
INSERT INTO PAIS(ISO, PAIS) VALUES('CZ', 'República Checa');
INSERT INTO PAIS(ISO, PAIS) VALUES('CL', 'Chile');
INSERT INTO PAIS(ISO, PAIS) VALUES('CN', 'China');
INSERT INTO PAIS(ISO, PAIS) VALUES('CY', 'Chipre');
INSERT INTO PAIS(ISO, PAIS) VALUES('CX', 'Isla de Navidad');
INSERT INTO PAIS(ISO, PAIS) VALUES('VA', 'Ciudad del Vaticano');
INSERT INTO PAIS(ISO, PAIS) VALUES('CC', 'Islas Cocos');
INSERT INTO PAIS(ISO, PAIS) VALUES('CO', 'Colombia');
INSERT INTO PAIS(ISO, PAIS) VALUES('KM', 'Comoras');
INSERT INTO PAIS(ISO, PAIS) VALUES('CD', 'República Democrática del Congo');
INSERT INTO PAIS(ISO, PAIS) VALUES('CG', 'Congo');
INSERT INTO PAIS(ISO, PAIS) VALUES('CK', 'Islas Cook');
INSERT INTO PAIS(ISO, PAIS) VALUES('KP', 'Corea del Norte');
INSERT INTO PAIS(ISO, PAIS) VALUES('KR', 'Corea del Sur');
INSERT INTO PAIS(ISO, PAIS) VALUES('CI', 'Costa de Marfil');
INSERT INTO PAIS(ISO, PAIS) VALUES('CR', 'Costa Rica');
INSERT INTO PAIS(ISO, PAIS) VALUES('HR', 'Croacia');
INSERT INTO PAIS(ISO, PAIS) VALUES('CU', 'Cuba');
INSERT INTO PAIS(ISO, PAIS) VALUES('DK', 'Dinamarca');
INSERT INTO PAIS(ISO, PAIS) VALUES('DM', 'Dominica');
INSERT INTO PAIS(ISO, PAIS) VALUES('DO', 'República Dominicana');
INSERT INTO PAIS(ISO, PAIS) VALUES('EC', 'Ecuador');
INSERT INTO PAIS(ISO, PAIS) VALUES('EG', 'Egipto');
INSERT INTO PAIS(ISO, PAIS) VALUES('SV', 'El Salvador');
INSERT INTO PAIS(ISO, PAIS) VALUES('AE', 'Emiratos Árabes Unidos');
INSERT INTO PAIS(ISO, PAIS) VALUES('ER', 'Eritrea');
INSERT INTO PAIS(ISO, PAIS) VALUES('SK', 'Eslovaquia');
INSERT INTO PAIS(ISO, PAIS) VALUES('SI', 'Eslovenia');
INSERT INTO PAIS(ISO, PAIS) VALUES('ES', 'España');
INSERT INTO PAIS(ISO, PAIS) VALUES('UM', 'Islas ultramarinas de Estados Unidos');
INSERT INTO PAIS(ISO, PAIS) VALUES('US', 'Estados Unidos');
INSERT INTO PAIS(ISO, PAIS) VALUES('EE', 'Estonia');
INSERT INTO PAIS(ISO, PAIS) VALUES('ET', 'Etiopía');
INSERT INTO PAIS(ISO, PAIS) VALUES('FO', 'Islas Feroe');
INSERT INTO PAIS(ISO, PAIS) VALUES('PH', 'Filipinas');
INSERT INTO PAIS(ISO, PAIS) VALUES('FI', 'Finlandia');
INSERT INTO PAIS(ISO, PAIS) VALUES('FJ', 'Fiyi');
INSERT INTO PAIS(ISO, PAIS) VALUES('FR', 'Francia');
INSERT INTO PAIS(ISO, PAIS) VALUES('GA', 'Gabón');
INSERT INTO PAIS(ISO, PAIS) VALUES('GM', 'Gambia');
INSERT INTO PAIS(ISO, PAIS) VALUES('GE', 'Georgia');
INSERT INTO PAIS(ISO, PAIS) VALUES('GS', 'Islas Georgias del Sur y Sandwich del Sur');
INSERT INTO PAIS(ISO, PAIS) VALUES('GH', 'Ghana');
INSERT INTO PAIS(ISO, PAIS) VALUES('GI', 'Gibraltar');
INSERT INTO PAIS(ISO, PAIS) VALUES('GD', 'Granada');
INSERT INTO PAIS(ISO, PAIS) VALUES('GR', 'Grecia');
INSERT INTO PAIS(ISO, PAIS) VALUES('GL', 'Groenlandia');
INSERT INTO PAIS(ISO, PAIS) VALUES('GP', 'Guadalupe');
INSERT INTO PAIS(ISO, PAIS) VALUES('GU', 'Guam');
INSERT INTO PAIS(ISO, PAIS) VALUES('GT', 'Guatemala');
INSERT INTO PAIS(ISO, PAIS) VALUES('GF', 'Guayana Francesa');
INSERT INTO PAIS(ISO, PAIS) VALUES('GN', 'Guinea');
INSERT INTO PAIS(ISO, PAIS) VALUES('GQ', 'Guinea Ecuatorial');
INSERT INTO PAIS(ISO, PAIS) VALUES('GW', 'Guinea-Bissau');
INSERT INTO PAIS(ISO, PAIS) VALUES('GY', 'Guyana');
INSERT INTO PAIS(ISO, PAIS) VALUES('HT', 'Haití');
INSERT INTO PAIS(ISO, PAIS) VALUES('HM', 'Islas Heard y McDonald');
INSERT INTO PAIS(ISO, PAIS) VALUES('HN', 'Honduras');
INSERT INTO PAIS(ISO, PAIS) VALUES('HK', 'Hong Kong');
INSERT INTO PAIS(ISO, PAIS) VALUES('HU', 'Hungría');
INSERT INTO PAIS(ISO, PAIS) VALUES('IN', 'India');
INSERT INTO PAIS(ISO, PAIS) VALUES('ID', 'Indonesia');
INSERT INTO PAIS(ISO, PAIS) VALUES('IR', 'Irán');
INSERT INTO PAIS(ISO, PAIS) VALUES('IQ', 'Iraq');
INSERT INTO PAIS(ISO, PAIS) VALUES('IE', 'Irlanda');
INSERT INTO PAIS(ISO, PAIS) VALUES('IS', 'Islandia');
INSERT INTO PAIS(ISO, PAIS) VALUES('IL', 'Israel');
INSERT INTO PAIS(ISO, PAIS) VALUES('IT', 'Italia');
INSERT INTO PAIS(ISO, PAIS) VALUES('JM', 'Jamaica');
INSERT INTO PAIS(ISO, PAIS) VALUES('JP', 'Japón');
INSERT INTO PAIS(ISO, PAIS) VALUES('JO', 'Jordania');
INSERT INTO PAIS(ISO, PAIS) VALUES('KZ', 'Kazajstán');
INSERT INTO PAIS(ISO, PAIS) VALUES('KE', 'Kenia');
INSERT INTO PAIS(ISO, PAIS) VALUES('KG', 'Kirguistán');
INSERT INTO PAIS(ISO, PAIS) VALUES('KI', 'Kiribati');
INSERT INTO PAIS(ISO, PAIS) VALUES('KW', 'Kuwait');
INSERT INTO PAIS(ISO, PAIS) VALUES('LA', 'Laos');
INSERT INTO PAIS(ISO, PAIS) VALUES('LS', 'Lesotho');
INSERT INTO PAIS(ISO, PAIS) VALUES('LV', 'Letonia');
INSERT INTO PAIS(ISO, PAIS) VALUES('LB', 'Líbano');
INSERT INTO PAIS(ISO, PAIS) VALUES('LR', 'Liberia');
INSERT INTO PAIS(ISO, PAIS) VALUES('LY', 'Libia');
INSERT INTO PAIS(ISO, PAIS) VALUES('LI', 'Liechtenstein');
INSERT INTO PAIS(ISO, PAIS) VALUES('LT', 'Lituania');
INSERT INTO PAIS(ISO, PAIS) VALUES('LU', 'Luxemburgo');
INSERT INTO PAIS(ISO, PAIS) VALUES('MO', 'Macao');
INSERT INTO PAIS(ISO, PAIS) VALUES('MK', 'ARY Macedonia');
INSERT INTO PAIS(ISO, PAIS) VALUES('MG', 'Madagascar');
INSERT INTO PAIS(ISO, PAIS) VALUES('MY', 'Malasia');
INSERT INTO PAIS(ISO, PAIS) VALUES('MW', 'Malawi');
INSERT INTO PAIS(ISO, PAIS) VALUES('MV', 'Maldivas');
INSERT INTO PAIS(ISO, PAIS) VALUES('ML', 'Malí');
INSERT INTO PAIS(ISO, PAIS) VALUES('MT', 'Malta');
INSERT INTO PAIS(ISO, PAIS) VALUES('FK', 'Islas Malvinas');
INSERT INTO PAIS(ISO, PAIS) VALUES('MP', 'Islas Marianas del Norte');
INSERT INTO PAIS(ISO, PAIS) VALUES('MA', 'Marruecos');
INSERT INTO PAIS(ISO, PAIS) VALUES('MH', 'Islas Marshall');
INSERT INTO PAIS(ISO, PAIS) VALUES('MQ', 'Martinica');
INSERT INTO PAIS(ISO, PAIS) VALUES('MU', 'Mauricio');
INSERT INTO PAIS(ISO, PAIS) VALUES('MR', 'Mauritania');
INSERT INTO PAIS(ISO, PAIS) VALUES('YT', 'Mayotte');
INSERT INTO PAIS(ISO, PAIS) VALUES('MX', 'México');
INSERT INTO PAIS(ISO, PAIS) VALUES('FM', 'Micronesia');
INSERT INTO PAIS(ISO, PAIS) VALUES('MD', 'Moldavia');
INSERT INTO PAIS(ISO, PAIS) VALUES('MC', 'Mónaco');
INSERT INTO PAIS(ISO, PAIS) VALUES('MN', 'Mongolia');
INSERT INTO PAIS(ISO, PAIS) VALUES('MS', 'Montserrat');
INSERT INTO PAIS(ISO, PAIS) VALUES('MZ', 'Mozambique');
INSERT INTO PAIS(ISO, PAIS) VALUES('MM', 'Myanmar');
INSERT INTO PAIS(ISO, PAIS) VALUES('NA', 'Namibia');
INSERT INTO PAIS(ISO, PAIS) VALUES('NR', 'Nauru');
INSERT INTO PAIS(ISO, PAIS) VALUES('NP', 'Nepal');
INSERT INTO PAIS(ISO, PAIS) VALUES('NI', 'Nicaragua');
INSERT INTO PAIS(ISO, PAIS) VALUES('NE', 'Níger');
INSERT INTO PAIS(ISO, PAIS) VALUES('NG', 'Nigeria');
INSERT INTO PAIS(ISO, PAIS) VALUES('NU', 'Niue');
INSERT INTO PAIS(ISO, PAIS) VALUES('NF', 'Isla Norfolk');
INSERT INTO PAIS(ISO, PAIS) VALUES('NO', 'Noruega');
INSERT INTO PAIS(ISO, PAIS) VALUES('NC', 'Nueva Caledonia');
INSERT INTO PAIS(ISO, PAIS) VALUES('NZ', 'Nueva Zelanda');
INSERT INTO PAIS(ISO, PAIS) VALUES('OM', 'Omán');
INSERT INTO PAIS(ISO, PAIS) VALUES('NL', 'Países Bajos');
INSERT INTO PAIS(ISO, PAIS) VALUES('PK', 'Pakistán');
INSERT INTO PAIS(ISO, PAIS) VALUES('PW', 'Palau');
INSERT INTO PAIS(ISO, PAIS) VALUES('PS', 'Palestina');
INSERT INTO PAIS(ISO, PAIS) VALUES('PA', 'Panamá');
INSERT INTO PAIS(ISO, PAIS) VALUES('PG', 'Papúa Nueva Guinea');
INSERT INTO PAIS(ISO, PAIS) VALUES('PY', 'Paraguay');
INSERT INTO PAIS(ISO, PAIS) VALUES('PE', 'Perú');
INSERT INTO PAIS(ISO, PAIS) VALUES('PN', 'Islas Pitcairn');
INSERT INTO PAIS(ISO, PAIS) VALUES('PF', 'Polinesia Francesa');
INSERT INTO PAIS(ISO, PAIS) VALUES('PL', 'Polonia');
INSERT INTO PAIS(ISO, PAIS) VALUES('PT', 'Portugal');
INSERT INTO PAIS(ISO, PAIS) VALUES('PR', 'Puerto Rico');
INSERT INTO PAIS(ISO, PAIS) VALUES('QA', 'Qatar');
INSERT INTO PAIS(ISO, PAIS) VALUES('GB', 'Reino Unido');
INSERT INTO PAIS(ISO, PAIS) VALUES('RE', 'Reunión');
INSERT INTO PAIS(ISO, PAIS) VALUES('RW', 'Ruanda');
INSERT INTO PAIS(ISO, PAIS) VALUES('RO', 'Rumania');
INSERT INTO PAIS(ISO, PAIS) VALUES('RU', 'Rusia');
INSERT INTO PAIS(ISO, PAIS) VALUES('EH', 'Sahara Occidental');
INSERT INTO PAIS(ISO, PAIS) VALUES('SB', 'Islas Salomón');
INSERT INTO PAIS(ISO, PAIS) VALUES('WS', 'Samoa');
INSERT INTO PAIS(ISO, PAIS) VALUES('AS', 'Samoa Americana');
INSERT INTO PAIS(ISO, PAIS) VALUES('KN', 'San Cristóbal y Nevis');
INSERT INTO PAIS(ISO, PAIS) VALUES('SM', 'San Marino');
INSERT INTO PAIS(ISO, PAIS) VALUES('PM', 'San Pedro y Miquelón');
INSERT INTO PAIS(ISO, PAIS) VALUES('VC', 'San Vicente y las Granadinas');
INSERT INTO PAIS(ISO, PAIS) VALUES('SH', 'Santa Helena');
INSERT INTO PAIS(ISO, PAIS) VALUES('LC', 'Santa Lucía');
INSERT INTO PAIS(ISO, PAIS) VALUES('ST', 'Santo Tomé y Príncipe');
INSERT INTO PAIS(ISO, PAIS) VALUES('SN', 'Senegal');
INSERT INTO PAIS(ISO, PAIS) VALUES('CS', 'Serbia y Montenegro');
INSERT INTO PAIS(ISO, PAIS) VALUES('SC', 'Seychelles');
INSERT INTO PAIS(ISO, PAIS) VALUES('SL', 'Sierra Leona');
INSERT INTO PAIS(ISO, PAIS) VALUES('SG', 'Singapur');
INSERT INTO PAIS(ISO, PAIS) VALUES('SY', 'Siria');
INSERT INTO PAIS(ISO, PAIS) VALUES('SO', 'Somalia');
INSERT INTO PAIS(ISO, PAIS) VALUES('LK', 'Sri Lanka');
INSERT INTO PAIS(ISO, PAIS) VALUES('SZ', 'Suazilandia');
INSERT INTO PAIS(ISO, PAIS) VALUES('ZA', 'Sudáfrica');
INSERT INTO PAIS(ISO, PAIS) VALUES('SD', 'Sudán');
INSERT INTO PAIS(ISO, PAIS) VALUES('SE', 'Suecia');
INSERT INTO PAIS(ISO, PAIS) VALUES('CH', 'Suiza');
INSERT INTO PAIS(ISO, PAIS) VALUES('SR', 'Surinam');
INSERT INTO PAIS(ISO, PAIS) VALUES('SJ', 'Svalbard y Jan Mayen');
INSERT INTO PAIS(ISO, PAIS) VALUES('TH', 'Tailandia');
INSERT INTO PAIS(ISO, PAIS) VALUES('TW', 'Taiwán');
INSERT INTO PAIS(ISO, PAIS) VALUES('TZ', 'Tanzania');
INSERT INTO PAIS(ISO, PAIS) VALUES('TJ', 'Tayikistán');
INSERT INTO PAIS(ISO, PAIS) VALUES('IO', 'Territorio Británico del Océano Índico');
INSERT INTO PAIS(ISO, PAIS) VALUES('TF', 'Territorios Australes Franceses');
INSERT INTO PAIS(ISO, PAIS) VALUES('TL', 'Timor Oriental');
INSERT INTO PAIS(ISO, PAIS) VALUES('TG', 'Togo');
INSERT INTO PAIS(ISO, PAIS) VALUES('TK', 'Tokelau');
INSERT INTO PAIS(ISO, PAIS) VALUES('TO', 'Tonga');
INSERT INTO PAIS(ISO, PAIS) VALUES('TT', 'Trinidad y Tobago');
INSERT INTO PAIS(ISO, PAIS) VALUES('TN', 'Túnez');
INSERT INTO PAIS(ISO, PAIS) VALUES('TC', 'Islas Turcas y Caicos');
INSERT INTO PAIS(ISO, PAIS) VALUES('TM', 'Turkmenistán');
INSERT INTO PAIS(ISO, PAIS) VALUES('TR', 'Turquía');
INSERT INTO PAIS(ISO, PAIS) VALUES('TV', 'Tuvalu');
INSERT INTO PAIS(ISO, PAIS) VALUES('UA', 'Ucrania');
INSERT INTO PAIS(ISO, PAIS) VALUES('UG', 'Uganda');
INSERT INTO PAIS(ISO, PAIS) VALUES('UY', 'Uruguay');
INSERT INTO PAIS(ISO, PAIS) VALUES('UZ', 'Uzbekistán');
INSERT INTO PAIS(ISO, PAIS) VALUES('VU', 'Vanuatu');
INSERT INTO PAIS(ISO, PAIS) VALUES('VE', 'Venezuela');
INSERT INTO PAIS(ISO, PAIS) VALUES('VN', 'Vietnam');
INSERT INTO PAIS(ISO, PAIS) VALUES('VG', 'Islas Vírgenes Británicas');
INSERT INTO PAIS(ISO, PAIS) VALUES('VI', 'Islas Vírgenes de los Estados Unidos');
INSERT INTO PAIS(ISO, PAIS) VALUES('WF', 'Wallis y Futuna');
INSERT INTO PAIS(ISO, PAIS) VALUES('YE', 'Yemen');
INSERT INTO PAIS(ISO, PAIS) VALUES('DJ', 'Yibuti');
INSERT INTO PAIS(ISO, PAIS) VALUES('ZM', 'Zambia');
INSERT INTO PAIS(ISO, PAIS) VALUES('ZW', 'Zimbabue');

-- CLASIFICACION
INSERT INTO CLASIFICACION(CLASIFICACION, DESCRIPCION) VALUES ('AA','Películas para todo público que tengan además atractivo infantil y sean comprensibles para niños menores de siete años de edad.');
INSERT INTO CLASIFICACION(CLASIFICACION, DESCRIPCION) VALUES ('A','Películas para todo público.');
INSERT INTO CLASIFICACION(CLASIFICACION, DESCRIPCION) VALUES ('B','Películas para adolescentes de 12 años en adelante.');
INSERT INTO CLASIFICACION(CLASIFICACION, DESCRIPCION) VALUES ('B15','Película no recomendable para menores de 15 años de edad.');
INSERT INTO CLASIFICACION(CLASIFICACION, DESCRIPCION) VALUES ('C','Películas para adultos de 18 años en adelante.');
INSERT INTO CLASIFICACION(CLASIFICACION, DESCRIPCION) VALUES ('D','Películas para adultos, con sexo explícito, lenguaje procaz o alto grado de violencia.');

-- GENERO
INSERT INTO GENERO(GENERO) VALUES('Acción');
INSERT INTO GENERO(GENERO) VALUES('Ciencia Ficción');
INSERT INTO GENERO(GENERO) VALUES('Comedia');
INSERT INTO GENERO(GENERO) VALUES('Drama');
INSERT INTO GENERO(GENERO) VALUES('Fantasía');
INSERT INTO GENERO(GENERO) VALUES('Musical');
INSERT INTO GENERO(GENERO) VALUES('Rómantico');
INSERT INTO GENERO(GENERO) VALUES('Suspenso/Terror');

-- ESTADO
INSERT INTO ESTADO(DESCRIPCION) VALUES('Disponible'); -- ASIENTO
INSERT INTO ESTADO(DESCRIPCION) VALUES('No disponible'); -- ASIENTO
INSERT INTO ESTADO(DESCRIPCION) VALUES('Activa'); -- PROGRAMACION DE PROMOCION
INSERT INTO ESTADO(DESCRIPCION) VALUES('Inactiva'); -- PROGRAMACION DE PROMOCION
INSERT INTO ESTADO(DESCRIPCION) VALUES('Estreno'); -- PELICULA
INSERT INTO ESTADO(DESCRIPCION) VALUES('Pre-venta'); -- PELICULA
INSERT INTO ESTADO(DESCRIPCION) VALUES('Próximamente'); -- PELICULA
INSERT INTO ESTADO(DESCRIPCION) VALUES('En cartelera'); -- PELICULA


-- IDIOMA
INSERT INTO IDIOMA(NOMBRE) VALUES('Latino');
INSERT INTO IDIOMA(NOMBRE) VALUES('Original/Sub');

-- FORMATO 
INSERT INTO FORMATO(FORMATO) VALUES('2D');
INSERT INTO FORMATO(FORMATO) VALUES('3D');

-- CATEGORIA PROMOCIÓN
INSERT INTO CATEGORIA_PROMO(NOMBRE) VALUES('Dulcería');
INSERT INTO CATEGORIA_PROMO(NOMBRE) VALUES('Taquilla');

-- INSERCIONES DE PRUEBA --
-- PELICULA
INSERT INTO PELICULA(TITULO, DURACION, ID_GENERO, ID_CLASIFICACION, AÑO, SINOPSIS, PORTADA, ID_ESTADO)
VALUES('Thor' , '015500' , 1 , 1 , '2011' , 'Tras desatar una antigua guerra, el codicioso guerrero thor es desterrado a la tierra' , 'a' , 1);
INSERT INTO PELICULA(TITULO, DURACION, ID_GENERO, ID_CLASIFICACION, AÑO, SINOPSIS, PORTADA, ID_ESTADO)
VALUES('Thor; un mundo oscuro' , '015200' , 1 , 1 , '2013' , 'Malekith, un enemigo más antiguo que el universo, regresa a la Tierra para cumplir su plan destructor.' , 'a' , 1);
INSERT INTO PELICULA(TITULO, DURACION, ID_GENERO, ID_CLASIFICACION, AÑO, SINOPSIS, PORTADA, ID_ESTADO)
VALUES('Thor: Ragnarok' , '021000' , 1 , 1 , '2017' , 'Thor está preso en el otro extremo del universo. Necesita regresar a tiempo para evitar que la todopoderosa Hela destruya su mundo,' , 'a' , 1);
INSERT INTO PELICULA(TITULO, DURACION, ID_GENERO, ID_CLASIFICACION, AÑO, SINOPSIS, PORTADA, ID_ESTADO)
VALUES('Spiderman' , '020100' , 1 , 1 , '2002' , 'Luego de sufrir la picadura de una araña genéticamente modificada, un estudiante de secundaria tímido y torpe adquiere increíbles capacidades como arácnido.' , 'a' , 1);
INSERT INTO PELICULA(TITULO, DURACION, ID_GENERO, ID_CLASIFICACION, AÑO, SINOPSIS, PORTADA, ID_ESTADO)
VALUES('Spiderman 2 ' , '021500' , 1 , 1 , '2004' , 'El atormentado Peter Parker lucha contra un científico siniestro que utiliza sus tentáculos mecánicos con fines destructivos.' , 'a' , 1);
INSERT INTO PELICULA(TITULO, DURACION, ID_GENERO, ID_CLASIFICACION, AÑO, SINOPSIS, PORTADA, ID_ESTADO)
VALUES('Spiderman 3' , '023600' , 1 , 1 , '2007' , 'Peter Parker sufre una terrible transformación cuando su traje de Hombre Araña se vuelve negro y libera una personalidad oscura y vengativa.' , 'a' , 1);
INSERT INTO PELICULA(TITULO, DURACION, ID_GENERO, ID_CLASIFICACION, AÑO, SINOPSIS, PORTADA, ID_ESTADO)
VALUES('Iron Man' , '020600' , 1 , 1 , '2008' , 'Un empresario millonario construye un traje blindado y lo usa para combatir el crimen y el terrorismo.' , 'a' , 1);
INSERT INTO PELICULA(TITULO, DURACION, ID_GENERO, ID_CLASIFICACION, AÑO, SINOPSIS, PORTADA, ID_ESTADO)
VALUES('Iron Man 2' , '020400' , 1 , 1 , '2010' , 'Con el mundo ahora consciente de que él es Iron Man, el millonario inventor Tony Stark debe forjar nuevas alianzas y confrontar a un enemigo nuevo y poderoso.' , 'a' , 1);
INSERT INTO PELICULA(TITULO, DURACION, ID_GENERO, ID_CLASIFICACION, AÑO, SINOPSIS, PORTADA, ID_ESTADO)
VALUES('Iron Man 3' , '021100' , 1 , 1 , '2013' , 'El descarado y brillante Tony Stark, tras ver destruido todo su universo personal, debe encontrar y enfrentarse a un enemigo cuyo poder no conoce límites.Tras desatar una antigua guerra, el codicioso guerrero thor es desterrado a la tierra' , 'a' , 1);
INSERT INTO PELICULA(TITULO, DURACION, ID_GENERO, ID_CLASIFICACION, AÑO, SINOPSIS, PORTADA, ID_ESTADO)
VALUES('Guardianes de la Galaxia' , '020500' , 1 , 1 , '2014' , 'Un aventurero espacial se convierte en la presa de unos cazadores de tesoros después de robar el orbe de un villano traicionero.' , 'a' , 1);

-- INSERCIONES SALA
INSERT INTO SALA(NOMBRE, DESCRIPCION, CANT_ASIENTOS, ID_ESTADO)
VALUES('1', 'Sala VIP', 65, 1);
INSERT INTO SALA(NOMBRE, DESCRIPCION, CANT_ASIENTOS, ID_ESTADO)
VALUES('2', 'Sala Platinum', 70, 1);
INSERT INTO SALA(NOMBRE, DESCRIPCION, CANT_ASIENTOS, ID_ESTADO)
VALUES('3', 'Sala Normal', 65, 1);

-- INSERCIONES PROMOCION
INSERT INTO PROMOCION(NOMBRE, DESCUENTO, ID_ESTADO)
VALUES('2X1 CINEPLUS', 25, 3);
INSERT INTO PROMOCION(NOMBRE, DESCUENTO, ID_ESTADO)
VALUES('Descuento tercera edad', 40, 3);
INSERT INTO PROMOCION(NOMBRE, DESCUENTO, ID_ESTADO)
VALUES('Martes de descuento', 20, 3);
INSERT INTO PROMOCION(NOMBRE, DESCUENTO, ID_ESTADO)
VALUES('CinePack individual', 25, 3);


-- ASIENTOS

INSERT INTO ASIENTO(ID_ASIENTO, NUM_ASIENTO, ID_SALA, ID_ESTADO)
VALUES('1', 'A1', 1, 1);
INSERT INTO ASIENTO(ID_ASIENTO, NUM_ASIENTO, ID_SALA, ID_ESTADO)
VALUES('', 'A2', '1', '1');
INSERT INTO ASIENTO(ID_ASIENTO, NUM_ASIENTO, ID_SALA, ID_ESTADO)
VALUES('', 'A3', 1, 1);
INSERT INTO ASIENTO(ID_ASIENTO, NUM_ASIENTO, ID_SALA, ID_ESTADO)
VALUES('', 'A4', 1, 1);
INSERT INTO ASIENTO(ID_ASIENTO, NUM_ASIENTO, ID_SALA, ID_ESTADO)
VALUES('', 'A5', 1, 1);
INSERT INTO ASIENTO(ID_ASIENTO, NUM_ASIENTO, ID_SALA, ID_ESTADO)
VALUES('', 'A6', 1, 1);
INSERT INTO ASIENTO(ID_ASIENTO, NUM_ASIENTO, ID_SALA, ID_ESTADO)
VALUES('', 'A7', 1, 1);
INSERT INTO ASIENTO(ID_ASIENTO, NUM_ASIENTO, ID_SALA, ID_ESTADO)
VALUES('', 'A8', 1, 1);
INSERT INTO ASIENTO(ID_ASIENTO, NUM_ASIENTO, ID_SALA, ID_ESTADO)
VALUES('', 'A9', 1, 1);
INSERT INTO ASIENTO(ID_ASIENTO, NUM_ASIENTO, ID_SALA, ID_ESTADO)
VALUES('', 'A10', 1, 1);
INSERT INTO ASIENTO(ID_ASIENTO, NUM_ASIENTO, ID_SALA, ID_ESTADO)
VALUES('', 'B1', 1, 1);
INSERT INTO ASIENTO(ID_ASIENTO, NUM_ASIENTO, ID_SALA, ID_ESTADO)
VALUES('', 'B2', 1, 1);
INSERT INTO ASIENTO(ID_ASIENTO, NUM_ASIENTO, ID_SALA, ID_ESTADO)
VALUES('', 'B3', 1, 1);
INSERT INTO ASIENTO(ID_ASIENTO, NUM_ASIENTO, ID_SALA, ID_ESTADO)
VALUES('', 'B4', 1, 1);
INSERT INTO ASIENTO(ID_ASIENTO, NUM_ASIENTO, ID_SALA, ID_ESTADO)
VALUES('', 'B5', 1, 1);
INSERT INTO ASIENTO(ID_ASIENTO, NUM_ASIENTO, ID_SALA, ID_ESTADO)
VALUES('', 'B6', 1, 1);
INSERT INTO ASIENTO(ID_ASIENTO, NUM_ASIENTO, ID_SALA, ID_ESTADO)
VALUES('', 'B7', 1, 1);
INSERT INTO ASIENTO(ID_ASIENTO, NUM_ASIENTO, ID_SALA, ID_ESTADO)
VALUES('', 'B8', 1, 1);
INSERT INTO ASIENTO(ID_ASIENTO, NUM_ASIENTO, ID_SALA, ID_ESTADO)
VALUES('', 'B9', 1, 1);
INSERT INTO ASIENTO(ID_ASIENTO, NUM_ASIENTO, ID_SALA, ID_ESTADO)
VALUES('', 'B10', 1, 1);
INSERT INTO ASIENTO(ID_ASIENTO, NUM_ASIENTO, ID_SALA, ID_ESTADO)
VALUES('', 'C1', 1, 1);
INSERT INTO ASIENTO(ID_ASIENTO, NUM_ASIENTO, ID_SALA, ID_ESTADO)
VALUES('', 'C2', 1, 1);
INSERT INTO ASIENTO(ID_ASIENTO, NUM_ASIENTO, ID_SALA, ID_ESTADO)
VALUES('', 'C3', 1, 1);
INSERT INTO ASIENTO(ID_ASIENTO, NUM_ASIENTO, ID_SALA, ID_ESTADO)
VALUES('', 'C4', 1, 1);
INSERT INTO ASIENTO(ID_ASIENTO, NUM_ASIENTO, ID_SALA, ID_ESTADO)
VALUES('', 'C5', 1, 1);
INSERT INTO ASIENTO(ID_ASIENTO, NUM_ASIENTO, ID_SALA, ID_ESTADO)
VALUES('', 'C6', 1, 1);
INSERT INTO ASIENTO(ID_ASIENTO, NUM_ASIENTO, ID_SALA, ID_ESTADO)
VALUES('', 'C7', 1, 1);
INSERT INTO ASIENTO(ID_ASIENTO, NUM_ASIENTO, ID_SALA, ID_ESTADO)
VALUES('', 'C8', 1, 1);
INSERT INTO ASIENTO(ID_ASIENTO, NUM_ASIENTO, ID_SALA, ID_ESTADO)
VALUES('', 'C9', 1, 1);
INSERT INTO ASIENTO(ID_ASIENTO, NUM_ASIENTO, ID_SALA, ID_ESTADO)
VALUES('', 'C10', 1, 1);
INSERT INTO ASIENTO(ID_ASIENTO, NUM_ASIENTO, ID_SALA, ID_ESTADO)
VALUES('', 'D1', 1, 1);
INSERT INTO ASIENTO(ID_ASIENTO, NUM_ASIENTO, ID_SALA, ID_ESTADO)
VALUES('', 'D2', 1, 1);
INSERT INTO ASIENTO(ID_ASIENTO, NUM_ASIENTO, ID_SALA, ID_ESTADO)
VALUES('', 'C3', 1, 1);
INSERT INTO ASIENTO(ID_ASIENTO, NUM_ASIENTO, ID_SALA, ID_ESTADO)
VALUES('', 'D4', 1, 1);
INSERT INTO ASIENTO(ID_ASIENTO, NUM_ASIENTO, ID_SALA, ID_ESTADO)
VALUES('', 'D5', 1, 1);
INSERT INTO ASIENTO(ID_ASIENTO, NUM_ASIENTO, ID_SALA, ID_ESTADO)
VALUES('', 'D6', 1, 1);
INSERT INTO ASIENTO(ID_ASIENTO, NUM_ASIENTO, ID_SALA, ID_ESTADO)
VALUES('', 'D7', 1, 1);
INSERT INTO ASIENTO(ID_ASIENTO, NUM_ASIENTO, ID_SALA, ID_ESTADO)
VALUES('', 'D8', 1, 1);
INSERT INTO ASIENTO(ID_ASIENTO, NUM_ASIENTO, ID_SALA, ID_ESTADO)
VALUES('', 'D9', 1, 1);
INSERT INTO ASIENTO(ID_ASIENTO, NUM_ASIENTO, ID_SALA, ID_ESTADO)
VALUES('', 'D10', 1, 1);
INSERT INTO ASIENTO(ID_ASIENTO, NUM_ASIENTO, ID_SALA, ID_ESTADO)
VALUES('', 'E1', 1, 1);
INSERT INTO ASIENTO(ID_ASIENTO, NUM_ASIENTO, ID_SALA, ID_ESTADO)
VALUES('', 'E2', 1, 1);
INSERT INTO ASIENTO(ID_ASIENTO, NUM_ASIENTO, ID_SALA, ID_ESTADO)
VALUES('', 'E3', 1, 1);
INSERT INTO ASIENTO(ID_ASIENTO, NUM_ASIENTO, ID_SALA, ID_ESTADO)
VALUES('', 'E4', 1, 1);
INSERT INTO ASIENTO(ID_ASIENTO, NUM_ASIENTO, ID_SALA, ID_ESTADO)
VALUES('', 'E5', 1, 1);
INSERT INTO ASIENTO(ID_ASIENTO, NUM_ASIENTO, ID_SALA, ID_ESTADO)
VALUES('', 'E6', 1, 1);
INSERT INTO ASIENTO(ID_ASIENTO, NUM_ASIENTO, ID_SALA, ID_ESTADO)
VALUES('', 'E7', 1, 1);
INSERT INTO ASIENTO(ID_ASIENTO, NUM_ASIENTO, ID_SALA, ID_ESTADO)
VALUES('', 'E8', 1, 1);
INSERT INTO ASIENTO(ID_ASIENTO, NUM_ASIENTO, ID_SALA, ID_ESTADO)
VALUES('', 'E9', 1, 1);
INSERT INTO ASIENTO(ID_ASIENTO, NUM_ASIENTO, ID_SALA, ID_ESTADO)
VALUES('', 'E10', 1, 1);
INSERT INTO ASIENTO(ID_ASIENTO, NUM_ASIENTO, ID_SALA, ID_ESTADO)
VALUES('', 'F1', 1, 1);
INSERT INTO ASIENTO(ID_ASIENTO, NUM_ASIENTO, ID_SALA, ID_ESTADO)
VALUES('', 'F2', 1, 1);
INSERT INTO ASIENTO(ID_ASIENTO, NUM_ASIENTO, ID_SALA, ID_ESTADO)
VALUES('', 'F3', 1, 1);
INSERT INTO ASIENTO(ID_ASIENTO, NUM_ASIENTO, ID_SALA, ID_ESTADO)
VALUES('', 'F4', 1, 1);
INSERT INTO ASIENTO(ID_ASIENTO, NUM_ASIENTO, ID_SALA, ID_ESTADO)
VALUES('', 'F5', 1, 1);
INSERT INTO ASIENTO(ID_ASIENTO, NUM_ASIENTO, ID_SALA, ID_ESTADO)
VALUES('', 'F6', 1, 1);
INSERT INTO ASIENTO(ID_ASIENTO, NUM_ASIENTO, ID_SALA, ID_ESTADO)
VALUES('', 'F7', 1, 1);
INSERT INTO ASIENTO(ID_ASIENTO, NUM_ASIENTO, ID_SALA, ID_ESTADO)
VALUES('', 'F8', 1, 1);
INSERT INTO ASIENTO(ID_ASIENTO, NUM_ASIENTO, ID_SALA, ID_ESTADO)
VALUES('', 'F9', 1, 1);
INSERT INTO ASIENTO(ID_ASIENTO, NUM_ASIENTO, ID_SALA, ID_ESTADO)
VALUES('', 'F10', 1, 1);
INSERT INTO ASIENTO(ID_ASIENTO, NUM_ASIENTO, ID_SALA, ID_ESTADO)
VALUES('', 'G1', 1, 1);
INSERT INTO ASIENTO(ID_ASIENTO, NUM_ASIENTO, ID_SALA, ID_ESTADO)
VALUES('', 'G2', 1, 1);
INSERT INTO ASIENTO(ID_ASIENTO, NUM_ASIENTO, ID_SALA, ID_ESTADO)
VALUES('', 'G3', 1, 1);
INSERT INTO ASIENTO(ID_ASIENTO, NUM_ASIENTO, ID_SALA, ID_ESTADO)
VALUES('', 'G4', 1, 1);
INSERT INTO ASIENTO(ID_ASIENTO, NUM_ASIENTO, ID_SALA, ID_ESTADO)
VALUES('', 'G5', 1, 1);


INSERT INTO ASIENTO(ID_ASIENTO, NUM_ASIENTO, ID_SALA, ID_ESTADO)
VALUES('', 'A1', 2, 1);
INSERT INTO ASIENTO(ID_ASIENTO, NUM_ASIENTO, ID_SALA, ID_ESTADO)
VALUES('', 'A2', 2, 1);
INSERT INTO ASIENTO(ID_ASIENTO, NUM_ASIENTO, ID_SALA, ID_ESTADO)
VALUES('', 'A3', 2, 1);
INSERT INTO ASIENTO(ID_ASIENTO, NUM_ASIENTO, ID_SALA, ID_ESTADO)
VALUES('', 'A4', 2, 1);
INSERT INTO ASIENTO(ID_ASIENTO, NUM_ASIENTO, ID_SALA, ID_ESTADO)
VALUES('', 'A5', 2, 1);
INSERT INTO ASIENTO(ID_ASIENTO, NUM_ASIENTO, ID_SALA, ID_ESTADO)
VALUES('', 'A6', 2, 1);
INSERT INTO ASIENTO(ID_ASIENTO, NUM_ASIENTO, ID_SALA, ID_ESTADO)
VALUES('', 'A7', 2, 1);
INSERT INTO ASIENTO(ID_ASIENTO, NUM_ASIENTO, ID_SALA, ID_ESTADO)
VALUES('', 'A8', 2, 1);
INSERT INTO ASIENTO(ID_ASIENTO, NUM_ASIENTO, ID_SALA, ID_ESTADO)
VALUES('', 'A9', 2, 1);
INSERT INTO ASIENTO(ID_ASIENTO, NUM_ASIENTO, ID_SALA, ID_ESTADO)
VALUES('', 'A10', 2, 1);
INSERT INTO ASIENTO(ID_ASIENTO, NUM_ASIENTO, ID_SALA, ID_ESTADO)
VALUES('', 'B1', 2, 1);
INSERT INTO ASIENTO(ID_ASIENTO, NUM_ASIENTO, ID_SALA, ID_ESTADO)
VALUES('', 'B2', 2, 1);
INSERT INTO ASIENTO(ID_ASIENTO, NUM_ASIENTO, ID_SALA, ID_ESTADO)
VALUES('', 'B3', 2, 1);
INSERT INTO ASIENTO(ID_ASIENTO, NUM_ASIENTO, ID_SALA, ID_ESTADO)
VALUES('', 'B4', 2, 1);
INSERT INTO ASIENTO(ID_ASIENTO, NUM_ASIENTO, ID_SALA, ID_ESTADO)
VALUES('', 'B5', 2, 1);
INSERT INTO ASIENTO(ID_ASIENTO, NUM_ASIENTO, ID_SALA, ID_ESTADO)
VALUES('', 'B6', 2, 1);
INSERT INTO ASIENTO(ID_ASIENTO, NUM_ASIENTO, ID_SALA, ID_ESTADO)
VALUES('', 'B7', 2, 1);
INSERT INTO ASIENTO(ID_ASIENTO, NUM_ASIENTO, ID_SALA, ID_ESTADO)
VALUES('', 'B8', 2, 1);
INSERT INTO ASIENTO(ID_ASIENTO, NUM_ASIENTO, ID_SALA, ID_ESTADO)
VALUES('', 'B9', 2, 1);
INSERT INTO ASIENTO(ID_ASIENTO, NUM_ASIENTO, ID_SALA, ID_ESTADO)
VALUES('', 'B10', 2, 1);
INSERT INTO ASIENTO(ID_ASIENTO, NUM_ASIENTO, ID_SALA, ID_ESTADO)
VALUES('', 'C1', 2, 1);
INSERT INTO ASIENTO(ID_ASIENTO, NUM_ASIENTO, ID_SALA, ID_ESTADO)
VALUES('', 'C2', 2, 1);
INSERT INTO ASIENTO(ID_ASIENTO, NUM_ASIENTO, ID_SALA, ID_ESTADO)
VALUES('', 'C3', 2, 1);
INSERT INTO ASIENTO(ID_ASIENTO, NUM_ASIENTO, ID_SALA, ID_ESTADO)
VALUES('', 'C4', 2, 1);
INSERT INTO ASIENTO(ID_ASIENTO, NUM_ASIENTO, ID_SALA, ID_ESTADO)
VALUES('', 'C5', 2, 1);
INSERT INTO ASIENTO(ID_ASIENTO, NUM_ASIENTO, ID_SALA, ID_ESTADO)
VALUES('', 'C6', 2, 1);
INSERT INTO ASIENTO(ID_ASIENTO, NUM_ASIENTO, ID_SALA, ID_ESTADO)
VALUES('', 'C7', 2, 1);
INSERT INTO ASIENTO(ID_ASIENTO, NUM_ASIENTO, ID_SALA, ID_ESTADO)
VALUES('', 'C8', 2, 1);
INSERT INTO ASIENTO(ID_ASIENTO, NUM_ASIENTO, ID_SALA, ID_ESTADO)
VALUES('', 'C9', 2, 1);
INSERT INTO ASIENTO(ID_ASIENTO, NUM_ASIENTO, ID_SALA, ID_ESTADO)
VALUES('', 'C10', 2, 1);
INSERT INTO ASIENTO(ID_ASIENTO, NUM_ASIENTO, ID_SALA, ID_ESTADO)
VALUES('', 'D1', 2, 1);
INSERT INTO ASIENTO(ID_ASIENTO, NUM_ASIENTO, ID_SALA, ID_ESTADO)
VALUES('', 'D2', 2, 1);
INSERT INTO ASIENTO(ID_ASIENTO, NUM_ASIENTO, ID_SALA, ID_ESTADO)
VALUES('', 'C3', 2, 1);
INSERT INTO ASIENTO(ID_ASIENTO, NUM_ASIENTO, ID_SALA, ID_ESTADO)
VALUES('', 'D4', 2, 1);
INSERT INTO ASIENTO(ID_ASIENTO, NUM_ASIENTO, ID_SALA, ID_ESTADO)
VALUES('', 'D5', 2, 1);
INSERT INTO ASIENTO(ID_ASIENTO, NUM_ASIENTO, ID_SALA, ID_ESTADO)
VALUES('', 'D6', 2, 1);
INSERT INTO ASIENTO(ID_ASIENTO, NUM_ASIENTO, ID_SALA, ID_ESTADO)
VALUES('', 'D7', 2, 1);
INSERT INTO ASIENTO(ID_ASIENTO, NUM_ASIENTO, ID_SALA, ID_ESTADO)
VALUES('', 'D8', 2, 1);
INSERT INTO ASIENTO(ID_ASIENTO, NUM_ASIENTO, ID_SALA, ID_ESTADO)
VALUES('', 'D9', 2, 1);
INSERT INTO ASIENTO(ID_ASIENTO, NUM_ASIENTO, ID_SALA, ID_ESTADO)
VALUES('', 'D10', 2, 1);
INSERT INTO ASIENTO(ID_ASIENTO, NUM_ASIENTO, ID_SALA, ID_ESTADO)
VALUES('', 'E1', 2, 1);
INSERT INTO ASIENTO(ID_ASIENTO, NUM_ASIENTO, ID_SALA, ID_ESTADO)
VALUES('', 'E2', 2, 1);
INSERT INTO ASIENTO(ID_ASIENTO, NUM_ASIENTO, ID_SALA, ID_ESTADO)
VALUES('', 'E3', 2, 1);
INSERT INTO ASIENTO(ID_ASIENTO, NUM_ASIENTO, ID_SALA, ID_ESTADO)
VALUES('', 'E4', 2, 1);
INSERT INTO ASIENTO(ID_ASIENTO, NUM_ASIENTO, ID_SALA, ID_ESTADO)
VALUES('', 'E5', 2, 1);
INSERT INTO ASIENTO(ID_ASIENTO, NUM_ASIENTO, ID_SALA, ID_ESTADO)
VALUES('', 'E6', 2, 1);
INSERT INTO ASIENTO(ID_ASIENTO, NUM_ASIENTO, ID_SALA, ID_ESTADO)
VALUES('', 'E7', 2, 1);
INSERT INTO ASIENTO(ID_ASIENTO, NUM_ASIENTO, ID_SALA, ID_ESTADO)
VALUES('', 'E8', 2, 1);
INSERT INTO ASIENTO(ID_ASIENTO, NUM_ASIENTO, ID_SALA, ID_ESTADO)
VALUES('', 'E9', 2, 1);
INSERT INTO ASIENTO(ID_ASIENTO, NUM_ASIENTO, ID_SALA, ID_ESTADO)
VALUES('', 'E10', 2, 1);
INSERT INTO ASIENTO(ID_ASIENTO, NUM_ASIENTO, ID_SALA, ID_ESTADO)
VALUES('', 'F1', 2, 1);
INSERT INTO ASIENTO(ID_ASIENTO, NUM_ASIENTO, ID_SALA, ID_ESTADO)
VALUES('', 'F2', 2, 1);
INSERT INTO ASIENTO(ID_ASIENTO, NUM_ASIENTO, ID_SALA, ID_ESTADO)
VALUES('', 'F3', 2, 1);
INSERT INTO ASIENTO(ID_ASIENTO, NUM_ASIENTO, ID_SALA, ID_ESTADO)
VALUES('', 'F4', 2, 1);
INSERT INTO ASIENTO(ID_ASIENTO, NUM_ASIENTO, ID_SALA, ID_ESTADO)
VALUES('', 'F5', 2, 1);
INSERT INTO ASIENTO(ID_ASIENTO, NUM_ASIENTO, ID_SALA, ID_ESTADO)
VALUES('', 'F6', 2, 1);
INSERT INTO ASIENTO(ID_ASIENTO, NUM_ASIENTO, ID_SALA, ID_ESTADO)
VALUES('', 'F7', 2, 1);
INSERT INTO ASIENTO(ID_ASIENTO, NUM_ASIENTO, ID_SALA, ID_ESTADO)
VALUES('', 'F8', 2, 1);
INSERT INTO ASIENTO(ID_ASIENTO, NUM_ASIENTO, ID_SALA, ID_ESTADO)
VALUES('', 'F9', 2, 1);
INSERT INTO ASIENTO(ID_ASIENTO, NUM_ASIENTO, ID_SALA, ID_ESTADO)
VALUES('', 'F10', 2, 1);
INSERT INTO ASIENTO(ID_ASIENTO, NUM_ASIENTO, ID_SALA, ID_ESTADO)
VALUES('', 'G1', 2, 1);
INSERT INTO ASIENTO(ID_ASIENTO, NUM_ASIENTO, ID_SALA, ID_ESTADO)
VALUES('', 'G2', 2, 1);
INSERT INTO ASIENTO(ID_ASIENTO, NUM_ASIENTO, ID_SALA, ID_ESTADO)
VALUES('', 'G3', 2, 1);
INSERT INTO ASIENTO(ID_ASIENTO, NUM_ASIENTO, ID_SALA, ID_ESTADO)
VALUES('', 'G4', 2, 1);
INSERT INTO ASIENTO(ID_ASIENTO, NUM_ASIENTO, ID_SALA, ID_ESTADO)
VALUES('', 'G5', 2, 1);
INSERT INTO ASIENTO(ID_ASIENTO, NUM_ASIENTO, ID_SALA, ID_ESTADO)
VALUES('', 'G6', 2, 1);
INSERT INTO ASIENTO(ID_ASIENTO, NUM_ASIENTO, ID_SALA, ID_ESTADO)
VALUES('', 'G7', 2, 1);
INSERT INTO ASIENTO(ID_ASIENTO, NUM_ASIENTO, ID_SALA, ID_ESTADO)
VALUES('', 'G8', 2, 1);
INSERT INTO ASIENTO(ID_ASIENTO, NUM_ASIENTO, ID_SALA, ID_ESTADO)
VALUES('', 'G9', 2, 1);
INSERT INTO ASIENTO(ID_ASIENTO, NUM_ASIENTO, ID_SALA, ID_ESTADO)
VALUES('', 'G10', 2, 1);

INSERT INTO ASIENTO(ID_ASIENTO, NUM_ASIENTO, ID_SALA, ID_ESTADO)
VALUES('', 'A1', 3, 1);
INSERT INTO ASIENTO(ID_ASIENTO, NUM_ASIENTO, ID_SALA, ID_ESTADO)
VALUES('', 'A2', 3, 1);
INSERT INTO ASIENTO(ID_ASIENTO, NUM_ASIENTO, ID_SALA, ID_ESTADO)
VALUES('', 'A3', 3, 1);
INSERT INTO ASIENTO(ID_ASIENTO, NUM_ASIENTO, ID_SALA, ID_ESTADO)
VALUES('', 'A4', 3, 1);
INSERT INTO ASIENTO(ID_ASIENTO, NUM_ASIENTO, ID_SALA, ID_ESTADO)
VALUES('', 'A5', 3, 1);
INSERT INTO ASIENTO(ID_ASIENTO, NUM_ASIENTO, ID_SALA, ID_ESTADO)
VALUES('', 'A6', 3, 1);
INSERT INTO ASIENTO(ID_ASIENTO, NUM_ASIENTO, ID_SALA, ID_ESTADO)
VALUES('', 'A7', 3, 1);
INSERT INTO ASIENTO(ID_ASIENTO, NUM_ASIENTO, ID_SALA, ID_ESTADO)
VALUES('', 'A8', 3, 1);
INSERT INTO ASIENTO(ID_ASIENTO, NUM_ASIENTO, ID_SALA, ID_ESTADO)
VALUES('', 'A9', 3, 1);
INSERT INTO ASIENTO(ID_ASIENTO, NUM_ASIENTO, ID_SALA, ID_ESTADO)
VALUES('', 'A10', 3, 1);
INSERT INTO ASIENTO(ID_ASIENTO, NUM_ASIENTO, ID_SALA, ID_ESTADO)
VALUES('', 'B1', 3, 1);
INSERT INTO ASIENTO(ID_ASIENTO, NUM_ASIENTO, ID_SALA, ID_ESTADO)
VALUES('', 'B2', 3, 1);
INSERT INTO ASIENTO(ID_ASIENTO, NUM_ASIENTO, ID_SALA, ID_ESTADO)
VALUES('', 'B3', 3, 1);
INSERT INTO ASIENTO(ID_ASIENTO, NUM_ASIENTO, ID_SALA, ID_ESTADO)
VALUES('', 'B4', 3, 1);
INSERT INTO ASIENTO(ID_ASIENTO, NUM_ASIENTO, ID_SALA, ID_ESTADO)
VALUES('', 'B5', 3, 1);
INSERT INTO ASIENTO(ID_ASIENTO, NUM_ASIENTO, ID_SALA, ID_ESTADO)
VALUES('', 'B6', 3, 1);
INSERT INTO ASIENTO(ID_ASIENTO, NUM_ASIENTO, ID_SALA, ID_ESTADO)
VALUES('', 'B7', 3, 1);
INSERT INTO ASIENTO(ID_ASIENTO, NUM_ASIENTO, ID_SALA, ID_ESTADO)
VALUES('', 'B8', 3, 1);
INSERT INTO ASIENTO(ID_ASIENTO, NUM_ASIENTO, ID_SALA, ID_ESTADO)
VALUES('', 'B9', 3, 1);
INSERT INTO ASIENTO(ID_ASIENTO, NUM_ASIENTO, ID_SALA, ID_ESTADO)
VALUES('', 'B10', 3, 1);
INSERT INTO ASIENTO(ID_ASIENTO, NUM_ASIENTO, ID_SALA, ID_ESTADO)
VALUES('', 'C1', 3, 1);
INSERT INTO ASIENTO(ID_ASIENTO, NUM_ASIENTO, ID_SALA, ID_ESTADO)
VALUES('', 'C2', 3, 1);
INSERT INTO ASIENTO(ID_ASIENTO, NUM_ASIENTO, ID_SALA, ID_ESTADO)
VALUES('', 'C3', 3, 1);
INSERT INTO ASIENTO(ID_ASIENTO, NUM_ASIENTO, ID_SALA, ID_ESTADO)
VALUES('', 'C4', 3, 1);
INSERT INTO ASIENTO(ID_ASIENTO, NUM_ASIENTO, ID_SALA, ID_ESTADO)
VALUES('', 'C5', 3, 1);
INSERT INTO ASIENTO(ID_ASIENTO, NUM_ASIENTO, ID_SALA, ID_ESTADO)
VALUES('', 'C6', 3, 1);
INSERT INTO ASIENTO(ID_ASIENTO, NUM_ASIENTO, ID_SALA, ID_ESTADO)
VALUES('', 'C7', 3, 1);
INSERT INTO ASIENTO(ID_ASIENTO, NUM_ASIENTO, ID_SALA, ID_ESTADO)
VALUES('', 'C8', 3, 1);
INSERT INTO ASIENTO(ID_ASIENTO, NUM_ASIENTO, ID_SALA, ID_ESTADO)
VALUES('', 'C9', 3, 1);
INSERT INTO ASIENTO(ID_ASIENTO, NUM_ASIENTO, ID_SALA, ID_ESTADO)
VALUES('', 'C10', 3, 1);
INSERT INTO ASIENTO(ID_ASIENTO, NUM_ASIENTO, ID_SALA, ID_ESTADO)
VALUES('', 'D1', 3, 1);
INSERT INTO ASIENTO(ID_ASIENTO, NUM_ASIENTO, ID_SALA, ID_ESTADO)
VALUES('', 'D2', 3, 1);
INSERT INTO ASIENTO(ID_ASIENTO, NUM_ASIENTO, ID_SALA, ID_ESTADO)
VALUES('', 'C3', 3, 1);
INSERT INTO ASIENTO(ID_ASIENTO, NUM_ASIENTO, ID_SALA, ID_ESTADO)
VALUES('', 'D4', 3, 1);
INSERT INTO ASIENTO(ID_ASIENTO, NUM_ASIENTO, ID_SALA, ID_ESTADO)
VALUES('', 'D5', 3, 1);
INSERT INTO ASIENTO(ID_ASIENTO, NUM_ASIENTO, ID_SALA, ID_ESTADO)
VALUES('', 'D6', 3, 1);
INSERT INTO ASIENTO(ID_ASIENTO, NUM_ASIENTO, ID_SALA, ID_ESTADO)
VALUES('', 'D7', 3, 1);
INSERT INTO ASIENTO(ID_ASIENTO, NUM_ASIENTO, ID_SALA, ID_ESTADO)
VALUES('', 'D8', 3, 1);
INSERT INTO ASIENTO(ID_ASIENTO, NUM_ASIENTO, ID_SALA, ID_ESTADO)
VALUES('', 'D9', 3, 1);
INSERT INTO ASIENTO(ID_ASIENTO, NUM_ASIENTO, ID_SALA, ID_ESTADO)
VALUES('', 'D10', 3, 1);
INSERT INTO ASIENTO(ID_ASIENTO, NUM_ASIENTO, ID_SALA, ID_ESTADO)
VALUES('', 'E1', 3, 1);
INSERT INTO ASIENTO(ID_ASIENTO, NUM_ASIENTO, ID_SALA, ID_ESTADO)
VALUES('', 'E2', 3, 1);
INSERT INTO ASIENTO(ID_ASIENTO, NUM_ASIENTO, ID_SALA, ID_ESTADO)
VALUES('', 'E3', 3, 1);
INSERT INTO ASIENTO(ID_ASIENTO, NUM_ASIENTO, ID_SALA, ID_ESTADO)
VALUES('', 'E4', 3, 1);
INSERT INTO ASIENTO(ID_ASIENTO, NUM_ASIENTO, ID_SALA, ID_ESTADO)
VALUES('', 'E5', 3, 1);
INSERT INTO ASIENTO(ID_ASIENTO, NUM_ASIENTO, ID_SALA, ID_ESTADO)
VALUES('', 'E6', 3, 1);
INSERT INTO ASIENTO(ID_ASIENTO, NUM_ASIENTO, ID_SALA, ID_ESTADO)
VALUES('', 'E7', 3, 1);
INSERT INTO ASIENTO(ID_ASIENTO, NUM_ASIENTO, ID_SALA, ID_ESTADO)
VALUES('', 'E8', 3, 1);
INSERT INTO ASIENTO(ID_ASIENTO, NUM_ASIENTO, ID_SALA, ID_ESTADO)
VALUES('', 'E9', 3, 1);
INSERT INTO ASIENTO(ID_ASIENTO, NUM_ASIENTO, ID_SALA, ID_ESTADO)
VALUES('', 'E10', 3, 1);
INSERT INTO ASIENTO(ID_ASIENTO, NUM_ASIENTO, ID_SALA, ID_ESTADO)
VALUES('', 'F1', 3, 1);
INSERT INTO ASIENTO(ID_ASIENTO, NUM_ASIENTO, ID_SALA, ID_ESTADO)
VALUES('', 'F2', 3, 1);
INSERT INTO ASIENTO(ID_ASIENTO, NUM_ASIENTO, ID_SALA, ID_ESTADO)
VALUES('', 'F3', 3, 1);
INSERT INTO ASIENTO(ID_ASIENTO, NUM_ASIENTO, ID_SALA, ID_ESTADO)
VALUES('', 'F4', 3, 1);
INSERT INTO ASIENTO(ID_ASIENTO, NUM_ASIENTO, ID_SALA, ID_ESTADO)
VALUES('', 'F5', 3, 1);
INSERT INTO ASIENTO(ID_ASIENTO, NUM_ASIENTO, ID_SALA, ID_ESTADO)
VALUES('', 'F6', 3, 1);
INSERT INTO ASIENTO(ID_ASIENTO, NUM_ASIENTO, ID_SALA, ID_ESTADO)
VALUES('', 'F7', 3, 1);
INSERT INTO ASIENTO(ID_ASIENTO, NUM_ASIENTO, ID_SALA, ID_ESTADO)
VALUES('', 'F8', 3, 1);
INSERT INTO ASIENTO(ID_ASIENTO, NUM_ASIENTO, ID_SALA, ID_ESTADO)
VALUES('', 'F9', 3, 1);
INSERT INTO ASIENTO(ID_ASIENTO, NUM_ASIENTO, ID_SALA, ID_ESTADO)
VALUES('', 'F10', 3, 1);
INSERT INTO ASIENTO(ID_ASIENTO, NUM_ASIENTO, ID_SALA, ID_ESTADO)
VALUES('', 'G1', 3, 1);
INSERT INTO ASIENTO(ID_ASIENTO, NUM_ASIENTO, ID_SALA, ID_ESTADO)
VALUES('', 'G2', 3, 1);
INSERT INTO ASIENTO(ID_ASIENTO, NUM_ASIENTO, ID_SALA, ID_ESTADO)
VALUES('', 'G3', 3, 1);
INSERT INTO ASIENTO(ID_ASIENTO, NUM_ASIENTO, ID_SALA, ID_ESTADO)
VALUES('', 'G4', 3, 1);
INSERT INTO ASIENTO(ID_ASIENTO, NUM_ASIENTO, ID_SALA, ID_ESTADO)
VALUES('', 'G5', 3, 1);

-- INSERCIONES CARTELERA
INSERT INTO CARTELERA(ID_PELICULA,ID_SALA,HORA_INICIO,HORA_FIN,ID_IDIOMA,ID_SUB,ID_FORMATO,FECHA,PRECIO)
VALUES(1,1,'05:30:00','07:00:00',1,2,1,'2021-07-13',200.00);
INSERT INTO CARTELERA(ID_PELICULA,ID_SALA,HORA_INICIO,HORA_FIN,ID_IDIOMA,ID_SUB,ID_FORMATO,FECHA,PRECIO)
VALUES(1,2,'03:15:00','05:10:00',2,2,2,'2021-07-15',350.00);
INSERT INTO CARTELERA(ID_PELICULA,ID_SALA,HORA_INICIO,HORA_FIN,ID_IDIOMA,ID_SUB,ID_FORMATO,FECHA,PRECIO)
VALUES(1,1,'05:00:00','07:00:00',1,2,1,'2021-07-13',550.00);
INSERT INTO CARTELERA(ID_PELICULA,ID_SALA,HORA_INICIO,HORA_FIN,ID_IDIOMA,ID_SUB,ID_FORMATO,FECHA,PRECIO)
VALUES(2,1,'04:00:00','07:45:00',2,1,2,'2021-07-14',200.00);
INSERT INTO CARTELERA(ID_PELICULA,ID_SALA,HORA_INICIO,HORA_FIN,ID_IDIOMA,ID_SUB,ID_FORMATO,FECHA,PRECIO)
VALUES(3,1,'04:00:00','05:45:00',2,2,2,'2021-07-12',100.00);
INSERT INTO CARTELERA(ID_PELICULA,ID_SALA,HORA_INICIO,HORA_FIN,ID_IDIOMA,ID_SUB,ID_FORMATO,FECHA,PRECIO)
VALUES(1,1,'05:00:00','06:45:00',2,1,2,'2021-07-14',80.00);
INSERT INTO CARTELERA(ID_PELICULA,ID_SALA,HORA_INICIO,HORA_FIN,ID_IDIOMA,ID_SUB,ID_FORMATO,FECHA,PRECIO)
VALUES(2,1,'04:00:00','07:45:00',2,1,2,'2021-07-15',250.00);
INSERT INTO CARTELERA(ID_PELICULA,ID_SALA,HORA_INICIO,HORA_FIN,ID_IDIOMA,ID_SUB,ID_FORMATO,FECHA,PRECIO)
VALUES(2,1,'04:00:00','07:45:00',2,1,2,'2021-07-14',90.00);
INSERT INTO CARTELERA(ID_PELICULA,ID_SALA,HORA_INICIO,HORA_FIN,ID_IDIOMA,ID_SUB,ID_FORMATO,FECHA,PRECIO)
VALUES(2,1,'04:00:00','05:45:00',2,1,2,'2021-07-11',500.00);
INSERT INTO CARTELERA(ID_PELICULA,ID_SALA,HORA_INICIO,HORA_FIN,ID_IDIOMA,ID_SUB,ID_FORMATO,FECHA,PRECIO)
VALUES(2,1,'01:00:00','03:45:00',2,1,2,'2021-07-14',200.00);

-- PROGRAMA DE PROMOCIONES
INSERT INTO PROGRAMACION_PROMO(FECHA, ID_PROMO, ID_ESTADO)
VALUES ('2020/07/20', '1', '3');
INSERT INTO PROGRAMACION_PROMO(FECHA, ID_PROMO, ID_ESTADO)
VALUES ('2020/07/21', '2', '3');
INSERT INTO PROGRAMACION_PROMO(FECHA, ID_PROMO, ID_ESTADO)
VALUES ('2020/07/22', '3', '3');
INSERT INTO PROGRAMACION_PROMO(FECHA, ID_PROMO, ID_ESTADO)
VALUES ('2020/07/23', '4', '3');